"Timestamp","Who do you think should be our Male Youth of the Year?  ","Who do you think should be our Female Youth of the Year?  ","Why do you believe these individuals deserve the award?  ","How often do you see these youth involved in church or community activities?  ","Additional comments (optional)  "
"2025/11/15 4:00:38 PM EST","Jhardine Watson","Madison Wheatle","I believe these two deserve this reward because they both are well behaved and very active in the church community .","Very often (always active and dependable)",""
"2025/11/15 10:36:59 PM EST","Patrick Wheatle","Madison Wheatle ","All the criteria are seen in them","Very often (always active and dependable)",""
"2025/11/16 7:41:33 AM EST","No male meets the requirements","Aja Augustin","Demonstrates commitment to the youth department. Is always present, extremely respective, always participating, mature and principled. Sets a good example, willing, anxious to participate and asks to be included.. ","Very often (always active and dependable)","Yesterday for example she was the only youth present and participated in the afternoon program. Every other was absent. This is great discipline."
"2025/11/16 8:44:31 AM EST","Jeaden Aitcheson","Madison Wheatly","Jaeden has been integrally involved in the Music Ministry of the church, he attends Sabbath services regularly and is also present at other church activities, he takes active part in other areas of church life as well. He has been seen encouraging and allowing his peers to be a part of the Music Ministry. He is not known to be involved in activities that would not seek to elevate the church. He is well mannered.


Madison is definitely an all rounder. Her presence is felt in all aspects of church life. She attends church regularly. She displays Christian characteristics and is always willing to participate in whatever area she is asked to be a part of, and does an outstanding job. She is an example  to her peers , showing what it means to do your best for Christ and be a shining example of who Christ wants our youth to be.","Very often (always active and dependable)","I stand by my choices, and firmly  believe that these two individuals should be considered for male and female youth of the year."
"2025/11/16 10:24:03 AM EST"," Jeaden Aitcheson","Erroldine Bell","They both step up and fill a gap, when the drummer left Jeaden dedicated himself to practicing and playing the drums. Erroldine stepped up and took over the pathfinder club when the leader up and left even with all that was going on at the time she weathered through, she’s also involved in other ministries of the church, the praise team, you can find her on a Wednesday helping out at the pantry call her at anytime to come and decorate for whatever function planned (hospitality) always helping out with youth programs and so much more.","Very often (always active and dependable)",""
"2025/11/16 4:26:01 PM EST","Aaron hahahah just kidding JT","Madison Wheatle","Madison is very dedicated, very discipline, very hard-working even behind the scenes, she opens the platform during the week, she never complains","Very often (always active and dependable)",""
"2025/11/16 8:38:54 PM EST","Gabriel Lesperance ","Esther Dolmo","I see the qualities listed above in them especially the Christian character ","Very often (always active and dependable)",""
"2025/11/19 9:23:16 PM EST","Duke Ogbonna","Aja Augustin ","Over the years Aja have grown into a find young lady. She demonstrates a great leader she's a Pathfinder and always attended church and participated in singing, bible quiz,youth emphasis which she writes her presentation. Aja is well respectful and always has a smile and a hug to give ","Very often (always active and dependable)","I am looking forward to see Aja Augustin getting the award of the year "
"2025/11/19 11:54:32 PM EST","Aidan Lamb","Madison Wheatle","They always participate in church activities ","Very often (always active and dependable)",""
"2025/11/21 1:54:14 PM EST","No response ","Madison ( sis Greene’s daughter) ","She is pleasant, kind, committed , a positive role model to the younger youth, respectful, hard working, ","Very often (always active and dependable)",""
"2025/11/21 1:57:02 PM EST","Jaeden . Marcia Henry son. Don’t remember the last name ","Madison Wheatly","I believe they portray real Christian character. ","Very often (always active and dependable)",""
"2025/11/21 3:02:18 PM EST","Br. Ogbonna","Madison Wheatle","her personality and her involement in any task given to her","Very often (always active and dependable)",""
"2025/11/21 3:43:03 PM EST","Luke Ogbonna ","Shereka Henry ","She always participated even when called upon sudden. ","Very often (always active and dependable)","Shereka is very  dedicated and dependable, and live a very  spiritual life. "
"2025/11/21 3:51:38 PM EST","Jeaden","Aja Augustin ","They play an integral role in church. They are always involved and willing to participate 
","Very often (always active and dependable)",""
"2025/11/21 4:21:19 PM EST","I rarely see the young males in action, so I'm unfamiliar with their names.","Madison Wheatle","I had the opportunity to work alongside Madison during Vacation Bible School ( VBS).She demonstrated admirable Christian characteristics, showing kindness and respect to both the young and old. Madison builds a strong rapport with the children and is always actively involved in the church.  From my observations, she take great initiative in leading AYS sessions.","Very often (always active and dependable)","Madison is humble, active, and reliable. Her unwavering commitment to the church community is truly inspiring and reflects her deep sense of loyalty and service.  "
"2025/11/21 4:40:25 PM EST","Gabriel Lesperance","Madison Wheatle ","","Very often (always active and dependable)",""